ca_name,num.practices,0-4,5-14,15-24,25-44,45-64,65-74,75-84,85+,list.size,Average practice list size,y
Aberdeen City,30,13329,21712,35655,81536,61633,19070,12225,4549,249709,8323.63,2013
Aberdeenshire,36,13733,27374,27750,62174,71110,24526,13400,4968,245035,6806.53,2013
Angus,17,5893,12370,13113,27514,33200,13518,7969,3010,116587,6858.06,2013
Argyll and Bute,33,4003,8571,9654,19352,26857,11439,6494,2299,88669,2686.94,2013
City of Edinburgh,74,26563,44367,77207,186288,122189,37815,24857,10226,529512,7155.57,2013
Clackmannanshire,7,3066,6267,6651,14112,16370,5800,3111,1002,56379,8054.14,2013
Dumfries and Galloway,34,7161,15262,16735,33634,45995,19744,11706,4073,154310,4538.53,2013
Dundee City,24,8455,15214,25218,44429,40608,14048,9369,3396,160737,6697.38,2013
East Ayrshire,16,7040,13947,15880,33201,37722,13967,7982,2498,132237,8264.81,2013
East Dunbartonshire,17,4980,10902,12279,24561,29819,10924,6949,2302,102716,6042.12,2013
East Lothian,16,5796,11941,12282,25034,29811,10585,6405,2361,104215,6513.44,2013
East Renfrewshire,17,5722,12468,12712,25477,28649,9185,5885,2109,102207,6012.18,2013
Falkirk,28,8863,17284,18191,42664,44329,15273,8808,2860,158272,5652.57,2013
Fife,59,20366,39965,49396,95143,104343,39174,21811,7949,378147,6409.27,2013
Glasgow City,151,35430,62651,99331,230341,168857,46252,30176,11090,684128,4530.65,2013
Highland,67,11825,24678,25302,56359,70697,26076,14725,5193,234855,3505.3,2013
Inverclyde,16,3849,8573,9936,21044,24646,8250,5156,1726,83180,5198.75,2013
Midlothian,13,5204,10036,10474,22348,24954,8965,4863,1558,88402,6800.15,2013
Moray,14,4844,9799,10717,21028,26232,10192,5992,2067,90871,6490.79,2013
Na h-Eileanan Siar,10,1224,2762,2773,6063,8222,3351,2017,792,27204,2720.4,2013
North Ayrshire,19,6940,14715,16624,34358,40455,15657,8786,2864,140399,7389.42,2013
North Lanarkshire,60,19152,39427,42420,94850,95793,30880,17415,4997,344934,5748.9,2013
Orkney Islands,10,1020,2121,2341,4670,6376,2581,1369,474,20952,2095.2,2013
Perth and Kinross,26,6915,14954,16396,34014,41476,16470,10101,3966,144292,5549.69,2013
Renfrewshire,29,9223,18536,21218,47410,50200,16970,10263,3374,177194,6110.14,2013
Scottish Borders,23,5419,12152,12479,25770,34972,14454,8310,3077,116633,5071,2013
Shetland Islands,10,1333,2576,2643,5653,6552,2413,1244,472,22886,2288.6,2013
South Ayrshire,21,5183,10988,12559,26457,33192,13743,8133,3106,113387,5399.38,2013
South Lanarkshire,54,17123,35212,38134,85780,93489,31119,18646,6138,325662,6030.78,2013
Stirling,23,4522,10517,15029,23731,26381,9556,5601,1949,97286,4229.83,2013
West Dunbartonshire,17,5100,10013,11838,25480,27861,8999,5231,1759,96281,5663.59,2013
West Lothian,23,10676,21859,21798,50815,49957,15747,7921,2253,181026,7870.7,2013
Aberdeen City,30,13226,22101,36761,82280,61660,19644,12161,4617,252450,8415,2014
Aberdeenshire,35,13939,27795,27703,62981,71768,25304,13782,5093,248365,7096.14,2014
Angus,17,5988,12490,13095,27336,33415,13924,8103,3049,117400,6905.88,2014
Argyll and Bute,33,3908,8551,9544,19078,26897,11713,6593,2356,88640,2686.06,2014
City of Edinburgh,75,26772,45321,77104,187522,123403,39072,24986,10446,534626,7128.35,2014
Clackmannanshire,7,3022,6247,6658,13803,16533,6038,3178,1049,56528,8075.43,2014
Dumfries and Galloway,34,6986,15351,16451,33118,46154,20101,11896,4131,154188,4534.94,2014
Dundee City,23,8346,15422,25078,44815,40746,14351,9378,3553,161689,7029.96,2014
East Ayrshire,16,6906,13986,15508,32757,38057,14244,8090,2565,132113,8257.06,2014
East Dunbartonshire,17,5128,10988,12133,24732,29938,11181,7086,2397,103583,6093.12,2014
East Lothian,16,5746,12114,12251,24867,30214,10884,6446,2430,104952,6559.5,2014
East Renfrewshire,17,5861,12663,12646,25572,28745,9313,5896,2166,102862,6050.71,2014
Falkirk,27,8721,17518,18053,42233,44829,15660,9048,2937,158999,5888.85,2014
Fife,59,20055,40286,48820,94062,105173,40280,22377,8161,379214,6427.36,2014
Glasgow City,149,35199,63133,98884,233690,171356,46812,30144,11091,690309,4632.95,2014
Highland,67,11666,24648,25114,55794,70805,27000,14941,5499,235467,3514.43,2014
Inverclyde,16,3833,8417,9726,20623,24703,8354,5201,1828,82685,5167.81,2014
Midlothian,12,5379,10170,10440,22718,25252,9198,5005,1593,89755,7479.58,2014
Moray,13,4861,9939,10667,20980,26631,10474,6070,2158,91780,7060,2014
Na h-Eileanan Siar,10,1241,2710,2688,5891,8250,3446,2045,828,27099,2709.9,2014
North Ayrshire,19,6788,14706,16222,33784,40555,16016,8947,2942,139960,7366.32,2014
North Lanarkshire,60,18862,39395,42106,93641,96932,31470,17812,5135,345353,5755.88,2014
Orkney Islands,10,1013,2119,2313,4641,6385,2643,1406,500,21020,2102,2014
Perth and Kinross,26,6842,15066,16437,33965,41869,16837,10305,4118,145439,5593.81,2014
Renfrewshire,29,9137,18542,21188,47228,50599,17215,10441,3480,177830,6132.07,2014
Scottish Borders,23,5425,12121,12430,25206,35108,14767,8490,3197,116744,5075.83,2014
Shetland Islands,10,1303,2573,2661,5648,6536,2499,1274,488,22982,2298.2,2014
South Ayrshire,21,5077,10937,12388,26058,33081,14092,8220,3176,113058,5383.71,2014
South Lanarkshire,53,16957,35281,37909,84859,94683,31999,18946,6296,326954,6168.94,2014
Stirling,23,4455,10528,15156,23936,26822,9744,5688,2006,98335,4275.43,2014
West Dunbartonshire,17,5008,10074,11591,25112,28159,9160,5276,1814,96194,5658.47,2014
West Lothian,23,10623,22021,21799,50388,50945,16193,8267,2365,182601,7939.17,2014
Aberdeen City,30,13021,22365,36450,83124,61643,19934,12054,4680,253271,8442.37,2015
Aberdeenshire,35,13858,28194,27229,63608,72367,25881,14020,5129,250286,7151.03,2015
Angus,17,5949,12563,12954,27304,33571,14214,8173,3106,117834,6931.41,2015
Argyll and Bute,33,3819,8545,9320,18818,26926,11864,6656,2388,88336,2676.85,2015
City of Edinburgh,75,26476,46359,77583,188747,124741,40148,24877,10636,539567,7194.23,2015
Clackmannanshire,7,2975,6248,6625,13701,16683,6240,3214,1092,56778,8111.14,2015
Dumfries and Galloway,34,6889,15388,16043,32909,46151,20515,11993,4227,154115,4532.79,2015
Dundee City,23,8258,15706,24703,44878,40850,14466,9310,3579,161750,7032.61,2015
East Ayrshire,16,6983,13986,15123,32369,38331,14485,8168,2584,132029,8251.81,2015
East Dunbartonshire,17,5225,11090,11889,24843,30114,11394,7301,2560,104416,6142.12,2015
East Lothian,16,5735,12214,12346,25015,30635,11137,6565,2444,106091,6630.69,2015
East Renfrewshire,17,5834,12955,12536,25762,28846,9538,6089,2443,104003,6117.82,2015
Falkirk,27,8595,17752,17971,42153,45534,16095,9165,3023,160288,5936.59,2015
Fife,59,19742,40831,47975,93499,105909,41110,22572,8265,379903,6439.03,2015
Glasgow City,148,34740,63937,99932,238254,173580,47257,29655,10631,698108,4716.95,2015
Highland,67,11618,24870,24848,55997,71094,27687,15185,5602,236901,3535.84,2015
Inverclyde,16,3762,8347,9491,20424,24722,8545,5141,1861,82293,5143.31,2015
Midlothian,12,5502,10310,10419,23060,25545,9470,5086,1632,91024,7585.33,2015
Moray,13,4823,9956,10533,21049,26811,10727,6184,2164,92247,7095.92,2015
Na h-Eileanan Siar,9,1209,2706,2599,5809,8243,3477,2102,822,26967,2996.33,2015
North Ayrshire,19,6692,14745,15918,33299,40795,16203,9081,2938,139671,7351.11,2015
North Lanarkshire,58,18638,39679,41681,92721,98023,31979,18083,5261,346065,5966.64,2015
Orkney Islands,10,1007,2179,2165,4649,6472,2632,1497,511,21112,2111.2,2015
Perth and Kinross,26,6876,15175,15894,33719,42049,17263,10434,4220,145630,5601.15,2015
Renfrewshire,29,8988,18566,20886,47021,51167,17521,10462,3521,178132,6142.48,2015
Scottish Borders,23,5290,12087,12238,24971,35287,15086,8590,3211,116760,5076.52,2015
Shetland Islands,10,1294,2582,2620,5679,6537,2535,1328,470,23045,2304.5,2015
South Ayrshire,21,5025,11004,12044,25846,33156,14334,8423,3149,113003,5381.1,2015
South Lanarkshire,53,17018,35527,37724,84311,95791,32537,19197,6461,328719,6202.25,2015
Stirling,22,4542,10530,15213,23961,27215,9909,5788,2020,99178,4508.09,2015
West Dunbartonshire,17,4903,10156,11320,25010,28269,9296,5304,1807,96065,5650.88,2015
West Lothian,22,10523,22290,21596,50283,51658,16579,8580,2371,183880,8358.18,2015
Aberdeen City,30,12798,22781,35180,83095,61771,20428,12076,4742,252871,8429.03,2016
Aberdeenshire,32,13740,28416,26634,62848,72774,26660,14200,5213,250485,7827.66,2016
Angus,17,5852,12518,12753,27168,33619,14564,8169,3227,117870,6933.53,2016
Argyll and Bute,33,3803,8566,9103,18911,26966,12085,6749,2430,88613,2685.24,2016
City of Edinburgh,73,25904,47031,77613,188967,125146,40793,24531,10805,540790,7408.08,2016
Clackmannanshire,7,2966,6255,6587,13577,16814,6421,3240,1090,56950,8135.71,2016
Dumfries and Galloway,33,6784,15479,15685,32573,46376,20682,12281,4328,154188,4672.36,2016
Dundee City,23,8077,16008,24086,45283,41006,14685,9229,3638,162012,7044,2016
East Ayrshire,16,6911,14097,14671,32172,38641,14688,8265,2625,132070,8254.38,2016
East Dunbartonshire,17,5286,11331,11603,25012,30384,11554,7444,2648,105262,6191.88,2016
East Lothian,16,5670,12461,12274,25109,31201,11389,6700,2551,107355,6709.69,2016
East Renfrewshire,17,5915,13351,12579,26119,29377,9703,6136,2551,105731,6219.47,2016
Falkirk,27,8427,18030,17592,42165,46200,16430,9259,3062,161165,5969.07,2016
Fife,58,19212,41456,47527,93108,106743,42013,22844,8335,381238,6573.07,2016
Glasgow City,147,34113,65012,101065,245162,176028,48131,28978,10859,709348,4825.5,2016
Highland,65,11495,25048,24482,55924,71551,28453,15358,5774,238085,3662.85,2016
Inverclyde,16,3659,8331,9252,20213,24737,8766,5112,1955,82025,5126.56,2016
Midlothian,12,5599,10546,10154,23659,25900,9772,5152,1700,92482,7706.83,2016
Moray,13,4774,10055,10181,21017,27128,10936,6253,2227,92571,7120.85,2016
Na h-Eileanan Siar,9,1216,2727,2498,5701,8209,3515,2150,820,26836,2981.78,2016
North Ayrshire,19,6507,14845,15578,32891,41132,16480,9181,3033,139647,7349.84,2016
North Lanarkshire,56,18510,40011,41149,92458,99564,32575,18164,5453,347884,6212.21,2016
Orkney Islands,7,984,2232,2109,4669,6519,2693,1538,524,21268,3038.29,2016
Perth and Kinross,25,6754,15289,15573,33599,42460,17770,10465,4398,146308,5852.32,2016
Renfrewshire,29,8976,18692,20735,47299,51716,17873,10484,3628,179403,6186.31,2016
Scottish Borders,23,5295,12124,12108,24860,35674,15511,8701,3310,117583,5112.3,2016
Shetland Islands,10,1308,2629,2517,5642,6537,2602,1363,464,23062,2306.2,2016
South Ayrshire,21,4908,11161,11817,25604,33412,14617,8510,3262,113322,5396.29,2016
South Lanarkshire,52,16810,35900,37063,84223,96993,33142,19414,6720,330422,6354.27,2016
Stirling,22,4468,10585,14897,23944,27553,10104,5899,2076,99526,4523.91,2016
West Dunbartonshire,17,4886,10220,11071,24946,28525,9567,5301,1860,96376,5669.18,2016
West Lothian,22,10864,23269,21865,52030,53816,17450,8984,2581,190859,8675.41,2016
Aberdeen City,30,12495,23289,34214,83233,62163,20794,12138,4829,253155,8438.5,2017
Aberdeenshire,32,13373,28799,25834,62403,72907,27241,14529,5292,250378,7824.31,2017
Angus,17,5744,12711,12527,27142,33687,14715,8346,3290,118162,6950.71,2017
Argyll and Bute,33,3728,8635,8867,18962,27052,12280,6860,2463,88847,2692.33,2017
City of Edinburgh,73,25317,48338,78450,192827,126578,41749,24554,11021,548834,7518.27,2017
Clackmannanshire,7,2880,6391,6483,13625,16955,6454,3350,1118,57256,8179.43,2017
Dumfries and Galloway,33,6710,15584,15212,32690,46327,20980,12406,4398,154307,4675.97,2017
Dundee City,23,7815,16299,24101,45538,41124,14787,9093,3651,162408,7061.22,2017
East Ayrshire,16,6730,14299,14196,32028,38872,14967,8297,2660,132049,8253.06,2017
East Dunbartonshire,17,5408,11623,11303,25338,30504,11692,7493,2759,106120,6242.35,2017
East Lothian,16,5543,12702,12133,25362,31545,11624,6837,2586,108332,6770.75,2017
East Renfrewshire,17,5907,13842,12574,26559,29802,10067,6205,2635,107591,6328.88,2017
Falkirk,27,8193,18359,17357,42286,46857,16664,9410,3119,162245,6009.07,2017
Fife,56,18840,41939,47333,92711,107350,42408,23317,8396,382294,6826.68,2017
Glasgow City,146,33457,66170,100743,251042,177173,49123,28344,11074,717255,4912.71,2017
Highland,65,11240,25278,23917,56241,71764,28956,15761,5828,238985,3676.69,2017
Inverclyde,15,3533,8314,8920,20034,24791,8832,5099,1981,81504,5433.6,2017
Midlothian,12,5672,10939,9977,24499,26190,10002,5237,1735,94251,7854.25,2017
Moray,13,4678,10155,9935,20995,27466,11060,6382,2327,92998,7153.69,2017
Na h-Eileanan Siar,9,1221,2765,2438,5695,8249,3577,2159,857,26961,2995.67,2017
North Ayrshire,19,6336,14937,15267,32664,41307,16829,9280,3150,139770,7356.32,2017
North Lanarkshire,55,18160,40426,40446,92461,100538,33044,18281,5555,348911,6343.84,2017
Orkney Islands,7,979,2239,2060,4722,6589,2720,1648,519,21476,3068,2017
Perth and Kinross,25,6673,15423,15337,33766,42749,17922,10781,4483,147134,5885.36,2017
Renfrewshire,29,8846,19040,20528,48012,52115,18050,10567,3671,180829,6235.48,2017
Scottish Borders,23,5232,12239,11909,24870,36014,15776,8907,3371,118318,5144.26,2017
Shetland Islands,10,1258,2684,2377,5610,6544,2593,1442,465,22973,2297.3,2017
South Ayrshire,21,4876,11212,11567,25562,33611,14872,8732,3340,113810,5419.52,2017
South Lanarkshire,51,16787,36335,36391,84634,97879,33848,19541,6933,332507,6519.75,2017
Stirling,21,4407,10681,14766,24193,27839,10237,6012,2138,100273,4774.9,2017
West Dunbartonshire,16,4664,10394,10753,25031,28578,9732,5339,1908,96399,6024.94,2017
West Lothian,22,10714,23585,21745,52155,54525,17722,9243,2720,192409,8745.86,2017
Aberdeen City,29,12337,23731,33770,83258,62414,21221,12169,4876,253776,8750.9,2018
Aberdeenshire,31,13205,28978,25184,61748,73184,27716,14956,5377,250348,8075.74,2018
Angus,17,5541,12814,12411,27053,33859,14996,8593,3324,118591,6975.94,2018
Argyll and Bute,33,3559,8706,8599,18869,27084,12352,7067,2458,88694,2687.7,2018
City of Edinburgh,72,25418,50757,81341,199465,129963,43350,25188,11196,566678,7870.53,2018
Clackmannanshire,7,2765,6446,6378,13655,16984,6583,3482,1112,57405,8200.71,2018
Dumfries and Galloway,32,6536,15642,14958,32687,46116,21171,12754,4442,154306,4822.06,2018
Dundee City,22,7654,16472,24268,45803,40904,14954,9049,3612,162716,7396.18,2018
East Ayrshire,17,6558,14389,13915,32029,38905,15144,8434,2716,132090,7770,2018
East Dunbartonshire,16,5409,11936,11219,25678,30573,11878,7639,2861,107193,6699.56,2018
East Lothian,15,5586,13060,12129,25952,31975,11853,6986,2623,110164,7344.27,2018
East Renfrewshire,17,5843,14179,12522,26891,29900,10263,6329,2649,108576,6386.82,2018
Falkirk,27,7966,18479,17147,42263,47204,16975,9522,3211,162767,6028.41,2018
Fife,56,18485,42288,47144,92801,107586,42849,24004,8552,383709,6851.95,2018
Glasgow City,145,32955,67021,100738,256574,178271,49904,28366,11069,725081,5000.56,2018
Highland,65,11000,25495,23656,56656,71930,29439,16322,5975,240473,3699.58,2018
Inverclyde,14,3475,8255,8751,19838,24722,8863,5152,2023,81079,5791.36,2018
Midlothian,12,5763,11196,9978,25311,26286,10201,5444,1745,95924,7993.67,2018
Moray,13,4546,10353,9732,21031,27564,11218,6559,2415,93418,7186,2018
Na h-Eileanan Siar,9,1172,2762,2425,5673,8257,3564,2216,872,26941,2993.44,2018
North Ayrshire,19,6178,14889,14957,32465,41286,17018,9510,3190,139493,7341.74,2018
North Lanarkshire,54,17873,40525,40187,92259,100913,33494,18623,5661,349535,6472.87,2018
Orkney Islands,7,956,2290,2018,4833,6584,2792,1690,548,21711,3101.57,2018
Perth and Kinross,25,6526,15502,15282,33993,42764,18307,11019,4553,147946,5917.84,2018
Renfrewshire,29,8669,19245,20361,48684,52310,18178,10768,3728,181943,6273.9,2018
Scottish Borders,23,5109,12328,11812,25006,36132,15955,9162,3417,118921,5170.48,2018
Shetland Islands,10,1191,2710,2349,5558,6571,2604,1509,466,22958,2295.8,2018
South Ayrshire,20,4823,11260,11339,25459,33671,15044,8926,3403,113957,5697.85,2018
South Lanarkshire,50,16710,36700,35916,85302,98364,34539,19892,7113,334581,6691.62,2018
Stirling,21,4354,10672,14624,24143,27924,10315,6198,2193,100423,4782.05,2018
West Dunbartonshire,16,4574,10432,10487,25037,28530,9855,5394,1924,96233,6014.56,2018
West Lothian,21,9773,22579,20765,49716,52986,17163,9218,2672,184872,8803.43,2018
Aberdeen City,28,12268,24097,33486,83104,62577,21802,12199,4983,254516,9089.86,2019
Aberdeenshire,30,12952,29196,24605,61232,72947,28312,15499,5515,250258,8341.93,2019
Angus,17,5396,12962,12298,27306,33948,15162,8893,3359,119324,7019.06,2019
Argyll and Bute,33,3410,8673,8440,18954,26993,12470,7240,2519,88699,2687.85,2019
City of Edinburgh,72,24705,52141,81549,204288,131331,44173,25494,11432,575113,7987.68,2019
Clackmannanshire,7,2671,6489,6260,13737,16937,6674,3665,1107,57540,8220,2019
Dumfries and Galloway,32,6321,15666,14745,32713,45980,21342,13076,4587,154430,4825.94,2019
Dundee City,22,7421,16474,24174,46146,40700,15026,9040,3755,162736,7397.09,2019
East Ayrshire,16,6515,14350,13756,32074,38938,15231,8708,2787,132359,8272.44,2019
East Dunbartonshire,16,5397,12266,11200,25986,30489,12125,7774,3041,108278,6767.38,2019
East Lothian,15,5601,13204,12024,26581,32423,12038,7317,2709,111897,7459.8,2019
East Renfrewshire,17,5675,14461,12620,27026,30101,10402,6480,2728,109493,6440.76,2019
Falkirk,25,7734,18547,17101,42332,47532,17049,9732,3295,163322,6532.88,2019
Fife,55,18001,42641,47099,93448,107536,43369,24857,8783,385734,7013.35,2019
Glasgow City,145,32164,67875,101872,263630,178790,51336,28245,11158,735206,5070.39,2019
Highland,65,10749,25534,23407,57034,71727,29938,16869,6138,241396,3713.78,2019
Inverclyde,14,3379,8226,8604,19703,24497,8918,5283,1989,80599,5757.07,2019
Midlothian,12,5798,11505,9996,25921,26492,10265,5668,1813,97458,8121.5,2019
Moray,13,4433,10448,9660,21092,27674,11321,6722,2453,93803,7215.62,2019
Na h-Eileanan Siar,9,1128,2752,2363,5646,8296,3583,2233,888,26889,2987.67,2019
North Ayrshire,18,5963,14820,14708,32308,41210,17158,9752,3268,139187,7732.61,2019
North Lanarkshire,53,17589,40454,40143,92400,101208,33907,19048,5818,350567,6614.47,2019
Orkney Islands,7,978,2339,1965,4876,6569,2787,1757,566,21837,3119.57,2019
Perth and Kinross,24,6448,15630,15361,34315,42831,18573,11241,4696,149095,6212.29,2019
Renfrewshire,29,8608,19308,20343,49596,52519,18428,10895,3913,183610,6331.38,2019
Scottish Borders,23,4903,12381,11822,25020,36121,16197,9534,3516,119494,5195.39,2019
Shetland Islands,10,1173,2743,2268,5557,6553,2634,1561,493,22982,2298.2,2019
South Ayrshire,20,4737,11282,11239,25451,33485,15243,9205,3494,114169,5708.45,2019
South Lanarkshire,49,16611,36977,35808,86312,98545,35245,20438,7283,337253,6882.71,2019
Stirling,22,4223,10663,14461,24143,27946,10503,6325,2264,100528,4569.45,2019
West Dunbartonshire,16,4435,10427,10241,25132,28365,10069,5520,1957,96146,6009.13,2019
West Lothian,21,9461,22756,20772,49973,53327,17518,9455,2805,186067,8860.33,2019
Aberdeen City,28,11897,24302,32332,83271,62582,22495,12195,4992,254066,9073.79,2020
Aberdeenshire,30,12260,29394,24539,60674,72729,28976,15832,5604,250008,8333.6,2020
Angus,17,5216,12937,12333,27415,33956,15287,9047,3410,119601,7035.35,2020
Argyll and Bute,31,3310,8564,8395,18968,26914,12575,7360,2573,88659,2859.97,2020
City of Edinburgh,72,23879,52832,80101,208727,133101,45016,25604,11449,580709,8065.4,2020
Clackmannanshire,7,2564,6507,6216,13725,16975,6718,3733,1146,57584,8226.29,2020
Dumfries and Galloway,32,6188,15509,14704,32941,45505,21658,13258,4685,154448,4826.5,2020
Dundee City,22,7190,16396,23368,46746,40424,15145,8936,3716,161921,7360.05,2020
East Ayrshire,17,6250,14445,13649,32125,38803,15390,8809,2859,132359,7785.82,2020
East Dunbartonshire,16,5218,12487,11122,26198,30568,12364,7847,3105,108909,6806.81,2020
East Lothian,15,5470,13323,12183,27018,32776,12264,7453,2776,113263,7550.87,2020
East Renfrewshire,17,5490,14649,12774,27352,30219,10677,6574,2724,110459,6497.59,2020
Falkirk,25,7521,18494,17119,42460,47687,17296,9716,3317,163610,6544.4,2020
Fife,54,17054,42819,46998,94263,107724,43847,25344,8960,387009,7166.83,2020
Glasgow City,143,30973,68006,98349,269478,178838,53161,27732,10965,737635,5158.29,2020
Highland,65,10191,25523,23314,57214,71650,30574,17226,6284,241976,3722.71,2020
Inverclyde,13,3152,8150,8488,19654,24272,9083,5213,1919,79931,6148.54,2020
Midlothian,12,5599,11755,10019,26304,26638,10391,5780,1875,98361,8196.75,2020
Moray,13,4321,10468,9580,21129,27609,11571,6769,2590,94037,7233.62,2020
Na h-Eileanan Siar,9,1081,2718,2331,5613,8254,3677,2235,878,26787,2976.33,2020
North Ayrshire,18,5732,14721,14634,32184,41031,17408,9992,3268,138970,7720.56,2020
North Lanarkshire,52,16877,40398,40077,92303,101271,34530,19177,5953,350586,6742.04,2020
Orkney Islands,7,962,2332,1923,4939,6597,2859,1795,599,22006,3143.71,2020
Perth and Kinross,24,6133,15681,15320,34532,42786,18881,11401,4732,149466,6227.75,2020
Renfrewshire,29,8400,19267,20207,50354,52585,18598,10984,3943,184338,6356.48,2020
Scottish Borders,23,4739,12293,11702,25087,35983,16481,9764,3571,119620,5200.87,2020
Shetland Islands,10,1110,2757,2267,5523,6475,2681,1617,529,22959,2295.9,2020
South Ayrshire,19,4404,11310,11224,25319,33343,15398,9342,3464,113804,5989.68,2020
South Lanarkshire,49,16062,37180,35791,86724,98519,36113,20385,7343,338162,6901.27,2020
Stirling,22,4133,10496,14103,24509,28110,10592,6418,2328,100689,4576.77,2020
West Dunbartonshire,16,4261,10339,10139,25151,27977,10306,5534,2015,95722,5982.63,2020
West Lothian,21,8965,22831,20872,50401,53801,17832,9648,2866,187216,8915.05,2020
Aberdeen City,28,11275,24739,30829,82870,62967,22989,12512,5031,253212,9043.29,2021
Aberdeenshire,30,11873,29691,24873,61047,73143,29559,16649,5784,252619,8420.63,2021
Angus,17,5043,12971,12337,27844,33934,15361,9381,3455,120326,7078,2021
Argyll and Bute,31,3210,8603,8267,19122,27009,12802,7632,2636,89281,2880.03,2021
City of Edinburgh,72,23049,53562,79376,215683,134434,45821,26234,11579,589738,8190.81,2021
Clackmannanshire,6,2182,5729,5488,12117,15099,6080,3411,1090,51196,8532.67,2021
Dumfries and Galloway,32,6058,15481,14829,33375,45584,21758,13689,4731,155505,4859.53,2021
Dundee City,22,6825,16436,22606,46648,40144,15269,9122,3704,160754,7307,2021
East Ayrshire,16,6096,14528,13654,32444,38832,15515,8986,2891,132946,8309.13,2021
East Dunbartonshire,16,5179,12722,11130,26605,30648,12505,8011,3206,110006,6875.38,2021
East Lothian,15,5428,13474,12382,28151,33048,12676,7689,2875,115723,7714.87,2021
East Renfrewshire,17,5370,14995,12920,27793,30339,10990,6661,2793,111861,6580.06,2021
Falkirk,24,6980,17411,16253,40266,45132,16590,9415,3172,155219,6467.46,2021
Fife,54,16626,42807,47242,95948,108066,44232,26113,9085,390119,7224.43,2021
Glasgow City,143,29740,67944,97086,277535,178955,54961,27584,10755,744669,5207.48,2021
Highland,65,9962,25469,23555,57754,71925,30974,17900,6449,243988,3753.66,2021
Inverclyde,13,3077,8109,8408,19711,24124,9175,5343,1968,79915,6147.31,2021
Midlothian,12,5522,12005,10186,27356,26791,10422,6003,1926,100211,8350.92,2021
Moray,12,4222,10596,9674,21410,27632,11717,7074,2583,94908,7909,2021
Na h-Eileanan Siar,9,1029,2701,2352,5673,8351,3725,2315,876,27022,3002.44,2021
North Ayrshire,18,5566,14557,14649,32278,41048,17573,10210,3296,139177,7732.06,2021
North Lanarkshire,51,16480,40276,39953,92900,101364,35072,19404,5921,351370,6889.61,2021
Orkney Islands,7,954,2301,1967,4986,6595,2898,1845,612,22158,3165.43,2021
Perth and Kinross,24,6115,15859,15463,35337,43069,19135,11813,4760,151551,6314.63,2021
Renfrewshire,29,8194,19270,20191,51695,52652,18845,11084,3931,185862,6409.03,2021
Scottish Borders,23,4640,12280,11809,25655,36047,16653,10141,3650,120875,5255.43,2021
Shetland Islands,9,1036,2781,2308,5456,6507,2706,1666,535,22995,2555,2021
South Ayrshire,20,4287,11357,11222,25685,33387,15608,9576,3508,114660,5733,2021
South Lanarkshire,49,15963,37325,36034,88438,98559,36848,20704,7408,341330,6965.92,2021
Stirling,21,4713,12218,15548,29092,32765,12188,7658,2769,116981,5570.52,2021
West Dunbartonshire,16,4037,10294,10125,25074,27681,10521,5617,2010,95359,5959.94,2021
West Lothian,21,8904,22874,21199,51555,54208,18040,9955,2985,189720,9034.29,2021
Aberdeen City,27,11357,25420,30880,85369,63139,22997,13383,5117,258078,9558.44,2022
Aberdeenshire,30,11599,29783,24929,60884,73300,29480,17872,5977,253824,8460.8,2022
Angus,16,4937,13023,12360,28388,34030,15081,10114,3545,121478,7592.38,2022
Argyll and Bute,31,3197,8581,8220,19382,27020,12614,8072,2717,89803,2896.87,2022
City of Edinburgh,72,22871,54687,82716,223613,136434,45902,27821,11721,605765,8413.4,2022
Clackmannanshire,6,2072,5680,5410,12158,14976,6022,3599,1124,51041,8506.83,2022
Dumfries and Galloway,32,5890,15340,14825,33763,45292,21511,14330,4883,155834,4869.81,2022
Dundee City,21,6726,16558,22566,48405,39713,15218,9547,3651,162384,7732.57,2022
East Ayrshire,16,5967,14542,13608,32866,38511,15422,9496,2976,133388,8336.75,2022
East Dunbartonshire,15,4964,13067,11106,26802,30642,12546,8392,3350,110869,7391.27,2022
East Lothian,15,5550,13505,12370,28893,33066,12840,8199,2911,117334,7822.27,2022
East Renfrewshire,17,5379,15207,13120,28554,30545,11139,7063,2849,113856,6697.41,2022
Falkirk,23,6533,16770,15912,39315,43673,15932,9673,3116,150924,6561.91,2022
Fife,53,16258,42546,47717,96859,107628,43726,27923,9212,391869,7393.75,2022
Glasgow City,142,29065,67989,98466,287365,178885,55947,28616,10703,757247,5332.73,2022
Highland,64,9822,25469,23435,58410,71748,30827,18990,6557,245258,3832.16,2022
Inverclyde,13,3120,7997,8352,19935,23847,9199,5589,1970,80009,6154.54,2022
Midlothian,12,5557,12324,10352,28129,26834,10391,6409,1952,101948,8495.67,2022
Moray,12,4154,10582,9288,21765,27493,11707,7461,2601,95051,7920.92,2022
Na h-Eileanan Siar,9,1003,2684,2394,5686,8377,3685,2420,885,27134,3014.89,2022
North Ayrshire,18,5475,14439,14560,32621,40642,17420,10874,3287,139318,7739.89,2022
North Lanarkshire,51,16208,39944,40096,93982,100798,35195,20264,6048,352535,6912.45,2022
Orkney Islands,7,944,2272,1964,4976,6616,2866,1960,633,22231,3175.86,2022
Perth and Kinross,24,6087,15872,15547,36300,43147,18970,12546,4872,153341,6389.21,2022
Renfrewshire,28,8272,19488,20013,53383,52480,18820,11639,4034,188129,6718.89,2022
Scottish Borders,23,4521,12187,11755,25884,35741,16492,10767,3727,121074,5264.09,2022
Shetland Islands,9,1022,2743,2260,5461,6540,2679,1778,556,23039,2559.89,2022
South Ayrshire,20,4148,11270,11270,25970,33299,15534,10119,3576,115221,5761.05,2022
South Lanarkshire,49,15931,37623,36114,90444,98237,37126,21848,7591,344970,7040.2,2022
Stirling,21,4965,12833,16556,31481,34386,12545,8439,2949,124184,5913.52,2022
West Dunbartonshire,16,4007,10122,10166,25343,27377,10584,5902,2005,95506,5969.13,2022
West Lothian,19,8753,22877,21384,52646,54348,18035,10670,3111,191824,10096,2022
Aberdeen City,27,11333,26619,30705,88383,63685,23392,13820,5265,263499,9759.22,2023
Aberdeenshire,30,11106,29773,25343,61047,73173,29806,18715,6140,255103,8503.43,2023
Angus,15,4530,11962,11687,26899,31666,14019,9917,3420,114100,7606.67,2023
Argyll and Bute,29,3130,8481,8276,19839,26869,12690,8421,2765,90471,3119.69,2023
City of Edinburgh,70,21673,53199,82513,226148,135102,45768,28232,11743,605280,8646.86,2023
Clackmannanshire,6,2020,5642,5562,12311,14924,6038,3758,1125,51380,8563.33,2023
Dumfries and Galloway,32,5826,15205,14959,34333,44972,21532,14800,4952,156579,4893.09,2023
Dundee City,22,7244,17803,23621,53410,42337,16589,10484,3919,175407,7973.05,2023
East Ayrshire,15,5443,13401,12759,31056,35810,14603,9167,2779,125018,8334.53,2023
East Dunbartonshire,15,4857,13193,11301,27174,30440,12681,8649,3443,111738,7449.2,2023
East Lothian,15,5551,13579,12751,29756,33222,13024,8558,2997,119438,7962.53,2023
East Renfrewshire,15,4617,13552,11599,24784,27003,10229,6847,2792,101423,6761.53,2023
Falkirk,23,6383,16462,16168,39610,43538,16044,10094,3123,151422,6583.57,2023
Fife,52,15900,42305,48366,98395,107393,43871,29123,9315,394668,7589.77,2023
Glasgow City,142,29573,69782,101191,302777,183601,58795,29716,10688,786174,5536.44,2023
Highland,62,9682,25090,23571,59367,71462,31151,19841,6680,246844,3981.35,2023
Inverclyde,13,3180,8056,8455,20437,23684,9325,5689,1971,80797,6215.15,2023
Midlothian,11,5535,12492,10543,28921,26992,10473,6716,2032,103704,9427.64,2023
Moray,12,4104,10484,9639,22042,27518,11868,7685,2648,95988,7999,2023
Na h-Eileanan Siar,9,949,2690,2365,5696,8326,3695,2486,901,27108,3012,2023
North Ayrshire,20,5596,14894,15138,34211,41845,18282,11755,3525,145276,7263.8,2023
North Lanarkshire,50,16085,39771,40444,95739,100661,35772,20817,6173,355462,7109.24,2023
Orkney Islands,7,912,2274,1991,5027,6567,2844,2016,677,22308,3186.86,2023
Perth and Kinross,23,5992,15702,15770,37037,42745,19005,12871,4898,154020,6696.52,2023
Renfrewshire,28,8366,19655,20311,55440,52140,19275,11878,4132,191197,6828.46,2023
Scottish Borders,22,4345,12130,11815,26329,35387,16527,11257,3798,121588,5526.73,2023
Shetland Islands,9,999,2697,2235,5479,6474,2673,1824,553,22934,2548.22,2023
South Ayrshire,19,4120,11702,11636,27241,34000,15942,10576,3668,118885,6257.11,2023
South Lanarkshire,47,16088,37844,36750,92547,98173,37871,22577,7668,349572,7437.7,2023
Stirling,21,4949,12832,16684,32026,34442,12676,8644,3037,125322,5967.71,2023
West Dunbartonshire,16,4043,10068,10291,25858,27096,10766,6104,1990,96216,6013.5,2023
West Lothian,20,9545,24631,22828,57409,57209,19057,11646,3336,205661,10283.05,2023
